Date,Open,High,Low,Close,Volume
9-May-13,65.69,66.14,65.08,65.25,99687476
8-May-13,65.58,66.48,65.12,66.26,118149038
7-May-13,66.42,66.54,64.81,65.52,120938076
6-May-13,65.1,66.03,64.9,65.82,124160162
3-May-13,64.47,64.75,64.16,64.28,90381788
2-May-13,63.11,64.08,62.95,63.65,105506184
1-May-13,63.49,63.56,62.06,62.76,126788697
30-Apr-13,62.16,63.61,61.72,63.25,172884362
29-Apr-13,60.06,61.94,60,61.45,160081110
26-Apr-13,58.54,59.82,58.32,59.6,191068990
25-Apr-13,58.75,59.13,58.14,58.34,96209155
24-Apr-13,56.22,59.32,56.07,57.92,242458391
23-Apr-13,57.71,58.34,56.97,58.02,166058949
22-Apr-13,56.09,57.46,55.9,56.95,107479442
19-Apr-13,55.42,57.09,55.01,55.79,152318201
18-Apr-13,57.86,57.97,55.68,56.01,166574163
17-Apr-13,60.04,60.09,56.87,57.54,236263461
16-Apr-13,60.22,60.94,60.08,60.89,76442758
15-Apr-13,61,61.13,59.94,59.98,79379706
12-Apr-13,62.02,62.02,61.3,61.4,59681279
11-Apr-13,61.96,62.57,61.6,62.05,82154093
10-Apr-13,61.16,62.44,60.86,62.24,93981748
9-Apr-13,60.91,61.21,60.39,61,76688115
8-Apr-13,60.69,61.07,60.36,60.89,75264742
5-Apr-13,60.64,60.71,59.95,60.46,95923478
4-Apr-13,61.97,62.14,60.75,61.1,89664638
3-Apr-13,61.62,62.47,61.47,61.71,90803727
2-Apr-13,61.09,62.59,60.91,61.4,132443234
1-Apr-13,63.13,63.38,61.11,61.27,97432489
28-Mar-13,64.26,64.55,63.09,63.24,110745586
27-Mar-13,65.21,65.26,64.39,64.58,82852294
26-Mar-13,66.49,66.55,65.79,65.88,73573423
25-Mar-13,66.38,67.14,65.97,66.23,125283438
22-Mar-13,64.94,66.01,64.73,65.99,98776111
21-Mar-13,64.32,65.43,64.3,64.68,95813410
20-Mar-13,65.35,65.38,64.23,64.58,77165158
19-Mar-13,65.64,65.85,64.07,64.93,131693310
18-Mar-13,63.06,65.35,63.03,65.1,151549090
15-Mar-13,62.56,63.46,62.46,63.38,160989787
14-Mar-13,61.83,62.09,61.49,61.79,75968746
13-Mar-13,61.21,62.07,60.77,61.19,101454192
12-Mar-13,62.23,62.7,61.08,61.2,116477473
11-Mar-13,61.39,62.72,60.73,62.55,118558356
8-Mar-13,61.4,62.2,61.23,61.67,97898983
7-Mar-13,60.64,61.72,60.15,61.51,117117826
6-Mar-13,62.07,62.18,60.63,60.81,115062269
5-Mar-13,60.21,62.17,60.11,61.59,159607042
4-Mar-13,61.11,61.17,59.86,60.01,145684399
1-Mar-13,62.57,62.6,61.43,61.5,138111792
28-Feb-13,63.44,63.98,63.06,63.06,80628737
27-Feb-13,64.06,64.63,62.95,63.51,146836928
26-Feb-13,63.4,64.51,62.52,64.14,125374074
25-Feb-13,64.84,65.02,63.22,63.26,93144464
22-Feb-13,64.18,64.51,63.8,64.4,82663644
21-Feb-13,63.71,64.17,63.26,63.72,111795180
20-Feb-13,65.38,65.38,64.11,64.12,119074886
19-Feb-13,65.87,66.1,64.84,65.71,108944213
15-Feb-13,66.98,67.17,65.7,65.74,97981177
14-Feb-13,66.36,67.38,66.29,66.66,88876501
13-Feb-13,66.74,67.66,66.17,66.72,118801221
12-Feb-13,68.5,68.91,66.82,66.84,152262712
11-Feb-13,68.07,69.28,67.61,68.56,129358516
8-Feb-13,67.71,68.4,66.89,67.85,158288984
7-Feb-13,66.18,67.14,64.87,66.89,176145074
6-Feb-13,65.21,66.64,64.65,65.34,148426012
5-Feb-13,63.44,65.68,63.17,65.41,143336536
4-Feb-13,64.84,65.13,63.14,63.19,119278754
1-Feb-13,65.59,65.64,64.05,64.8,134867089
31-Jan-13,65.28,65.61,65,65.07,79833215
30-Jan-13,65.29,66.09,64.93,65.26,104288317
29-Jan-13,65.5,65.74,64.59,65.47,142768017
28-Jan-13,62.55,64.74,62.27,64.26,196378931
25-Jan-13,64.53,65.18,62.14,62.84,301993503
24-Jan-13,65.71,66.53,64.32,64.36,365212953
23-Jan-13,72.69,73.57,72.11,73.43,215375853
22-Jan-13,72.08,72.55,70.95,72.11,115386173
18-Jan-13,71.22,71.75,70.91,71.43,118287267
17-Jan-13,72.9,72.96,71.72,71.81,113412579
16-Jan-13,70.66,72.78,70.36,72.3,172700045
15-Jan-13,71.19,71.28,69.05,69.42,219192932
14-Jan-13,71.81,72.5,71.22,71.68,183544396
11-Jan-13,74.43,75.05,74.15,74.33,87688741
10-Jan-13,75.51,75.53,73.65,74.79,150285296
9-Jan-13,74.64,75,73.71,73.87,101899959
8-Jan-13,75.6,75.98,74.46,75.04,114676751
7-Jan-13,74.6,75.6,73.6,74.8,121038176
4-Jan-13,76.71,76.95,75.12,75.29,148581860
3-Jan-13,78.27,78.52,77.29,77.44,88240950
2-Jan-13,79.12,79.29,77.38,78.43,140124866
31-Dec-12,72.93,76.49,72.71,76.02,164872785
28-Dec-12,72.9,73.5,72.59,72.8,88569243
27-Dec-12,73.36,73.75,72.09,73.58,113779680
26-Dec-12,74.14,74.21,73.02,73.29,75609030
24-Dec-12,74.34,74.89,74.1,74.31,43936977
21-Dec-12,73.21,74.24,72.89,74.19,149129554
20-Dec-12,75.71,75.74,74.13,74.53,120421798
19-Dec-12,75.92,76.24,75.07,75.19,112340424
18-Dec-12,75,76.41,74.32,76.27,156417023
17-Dec-12,72.7,74.29,71.6,74.12,189736022
14-Dec-12,73.54,74.02,72.23,72.83,252394499
13-Dec-12,75.88,76.81,75.11,75.67,156314627
12-Dec-12,78.25,78.29,76.61,77,121783130
11-Dec-12,77.11,78.51,76.77,77.34,148085903
10-Dec-12,75,76.93,74.51,75.69,157620575
7-Dec-12,79.06,79.31,75.71,76.18,196941794
6-Dec-12,75.56,79.04,74.09,78.18,294301791
5-Dec-12,81.27,81.32,76.97,76.97,261159353
4-Dec-12,83.11,83.11,81.73,82.26,139482392
3-Dec-12,84.81,84.94,83.64,83.74,91069097
30-Nov-12,83.83,84.06,83.24,83.61,97824986
29-Nov-12,84.32,84.89,83.61,84.19,128674525
28-Nov-12,82.47,83.69,81.75,83.28,130264981
27-Nov-12,84.22,84.35,82.87,83.54,133328454
26-Nov-12,82.27,84.29,81.96,84.22,157644431
23-Nov-12,81.02,81.71,80.37,81.64,68206579
21-Nov-12,80.61,81.05,79.51,80.24,93306759
20-Nov-12,81.7,81.71,79.23,80.13,160687856
19-Nov-12,77.24,81.07,77.13,80.82,205792965
16-Nov-12,75.03,75.71,72.25,75.38,316722763
15-Nov-12,76.79,77.07,74.66,75.09,197477385
14-Nov-12,77.93,78.21,76.6,76.7,119291977
13-Nov-12,76.99,78.64,76.62,77.56,133302610
12-Nov-12,79.16,79.21,76.95,77.55,128950479
9-Nov-12,77.2,79.27,76.25,78.15,232476496
8-Nov-12,80.09,80.32,76.47,76.82,264036339
7-Nov-12,81.98,82.08,79.39,79.71,198412186
6-Nov-12,84.32,84.39,82.87,83.26,93729041
5-Nov-12,83.36,83.97,82.51,83.52,132321224
2-Nov-12,85.13,85.28,82.11,82.4,149843064
1-Nov-12,85.46,86.14,84.88,85.22,90361922
31-Oct-12,84.98,85.99,83.96,85.05,127500471
26-Oct-12,87.06,87.71,84.43,86.29,254605834
25-Oct-12,88.57,88.86,86.51,87.08,164081393
24-Oct-12,88.78,89.51,87.23,88.12,139631772
23-Oct-12,90.14,90.56,87.39,87.62,176786197
22-Oct-12,87.49,90.77,87.25,90.58,136682392
19-Oct-12,90.15,90.25,87.09,87.12,186021017
18-Oct-12,91.37,91.72,90,90.38,119155512
17-Oct-12,92.7,93.26,92,92.09,97327643
16-Oct-12,90.77,92.9,90.14,92.83,137442816
15-Oct-12,90.34,90.73,89.12,90.68,108124961
12-Oct-12,89.94,90.77,89.33,89.96,115003665
11-Oct-12,92.4,92.5,89.7,89.7,136520097
10-Oct-12,91.39,92.14,91,91.56,127588930
9-Oct-12,91.24,91.5,89.08,90.84,209648887
8-Oct-12,92.41,92.51,90.87,91.17,159494867
5-Oct-12,95.03,95.14,93.04,93.23,148501108
4-Oct-12,95.89,96.32,95.08,95.26,92688813
3-Oct-12,94.98,95.98,94.66,95.92,106069719
2-Oct-12,94.54,95.19,92.95,94.47,156997638
1-Oct-12,95.88,96.68,93.79,94.2,135895921
28-Sep-12,96.96,97.3,95.25,95.3,133777077
27-Sep-12,94.9,97.45,94.34,97.33,148522031
26-Sep-12,95.53,96.1,94.46,95.03,144175906
25-Sep-12,98.32,98.97,96.14,96.22,129690449
24-Sep-12,98.12,99.3,97.57,98.68,159936196
21-Sep-12,100.34,100.72,99.91,100.01,142897076
20-Sep-12,99.88,100.01,99.09,99.81,84141932
19-Sep-12,100.04,100.57,99.94,100.3,81715004
18-Sep-12,99.98,100.33,99.49,100.27,93375667
17-Sep-12,99.91,99.97,99.23,99.97,99507499
14-Sep-12,98.56,99.57,98.27,98.75,150118311
13-Sep-12,96.77,97.93,96.4,97.57,149589629
12-Sep-12,95.26,95.7,93.71,95.68,178054492
11-Sep-12,95.02,95.73,93.79,94.37,125984852
10-Sep-12,97.21,97.61,94.59,94.68,121998898
7-Sep-12,96.86,97.5,96.54,97.21,82416145
6-Sep-12,96.17,96.9,95.83,96.61,97845664
5-Sep-12,96.51,96.62,95.66,95.75,84090475
4-Sep-12,95.11,96.45,94.93,96.42,91972629
31-Aug-12,95.32,95.51,93.89,95.03,84579607
30-Aug-12,95.81,95.94,94.69,94.84,75672793
29-Aug-12,96.46,96.81,96.09,96.21,50701084
28-Aug-12,96.43,96.59,95.81,96.4,66844323
27-Aug-12,97.14,97.27,96.22,96.53,106728601
24-Aug-12,94.22,95.64,93.65,94.75,109334113
23-Aug-12,95.16,95.7,94.45,94.66,105029568
22-Aug-12,93.49,95.57,92.59,95.55,141330637
21-Aug-12,95.83,96.41,92.9,93.72,203176260
20-Aug-12,92.86,95.02,92.84,95.02,153345689
17-Aug-12,91.43,92.6,91.26,92.59,110689894
16-Aug-12,90.17,90.97,90.07,90.91,63694204
15-Aug-12,90.19,90.57,89.68,90.12,64377278
14-Aug-12,90.27,91.23,90.03,90.24,85041824
13-Aug-12,89.06,90,89.04,90,69707463
10-Aug-12,88.39,88.82,88.39,88.81,48765045
9-Aug-12,88.26,88.82,88.26,88.68,55452586
8-Aug-12,88.48,89.13,88.16,88.55,61176080
7-Aug-12,88.97,89.29,88.29,88.7,72627492
6-Aug-12,88.18,89.27,87.89,88.94,75580008
3-Aug-12,87.66,88.28,87.37,87.96,86228604
2-Aug-12,86.12,87.24,85.75,86.83,83062203
1-Aug-12,87.99,88.06,86.14,86.69,96124742
31-Jul-12,86.18,87.39,86.1,87.25,115581676
30-Jul-12,84.42,85.63,83.97,85,94784970
27-Jul-12,82.14,83.69,81.66,83.59,101013241
26-Jul-12,82.82,82.91,81.48,82.13,101702580
25-Jul-12,82.07,82.97,81.43,82.14,219314368
24-Jul-12,86.77,87.1,85.5,85.85,141283044
23-Jul-12,84.91,86.56,83.96,86.26,121993795
20-Jul-12,87.58,87.78,86.24,86.33,99367450
19-Jul-12,87.33,87.91,86.57,87.76,109214567
18-Jul-12,86.66,86.91,86.22,86.61,63174888
17-Jul-12,87.26,87.36,86.16,86.71,73453037
16-Jul-12,86.45,87.37,86.43,86.7,75326342
13-Jul-12,86.14,86.74,85.71,86.42,77904449
12-Jul-12,85.75,86.21,84.67,85.56,106997163
11-Jul-12,86.59,86.81,85.32,86.35,117329366
10-Jul-12,88.28,88.55,86.47,86.89,127989407
9-Jul-12,86.47,87.7,86.3,87.7,94850224
6-Jul-12,86.73,86.92,85.94,86.55,104757156
5-Jul-12,85.79,87.76,85.66,87.13,121095121
3-Jul-12,84.98,85.71,84.86,85.63,60428165
2-Jul-12,83.53,84.78,83.37,84.65,100022776
29-Jun-12,82.57,83.43,82.04,83.43,105360031
28-Jun-12,81.67,82,80.8,81.29,70760543
27-Jun-12,82.14,82.39,81.7,82.07,50764770
26-Jun-12,81.62,82.07,81.05,81.72,69187503
25-Jun-12,82.47,82.83,81.48,81.54,76088656
22-Jun-12,82.72,83.17,82.2,83.16,71186311
21-Jun-12,83.63,84.03,82.49,82.52,81626258
20-Jun-12,84.03,84.18,82.97,83.68,89789644
19-Jun-12,83.34,84.29,83.3,83.92,90350932
18-Jun-12,81.57,83.98,81.48,83.68,110102790
15-Jun-12,81.57,82.09,81.36,82.02,83813380
14-Jun-12,81.61,81.93,81.04,81.65,86460283
13-Jun-12,82.07,82.64,81.48,81.74,73443230
12-Jun-12,82.07,82.37,80.96,82.31,108894961
11-Jun-12,83.96,84.07,81.52,81.6,147815696
8-Jun-12,81.66,82.94,81.29,82.9,86872870
7-Jun-12,82.47,82.47,81.5,81.67,94993164
6-Jun-12,81.11,81.98,80.79,81.64,100362262
5-Jun-12,80.18,80.92,79.76,80.4,97053376
4-Jun-12,80.21,81.07,78.36,80.61,139247129
1-Jun-12,81.31,81.81,80.07,80.14,130245094
31-May-12,82.96,83.07,81.64,82.53,122977603
30-May-12,81.31,82.86,80.94,82.74,132355209
29-May-12,81.56,82,80.76,81.75,95126346
25-May-12,80.66,80.84,79.78,80.33,82116552
24-May-12,82.27,82.36,80.18,80.76,124049506
23-May-12,79.64,81.83,79.03,81.51,146224365
22-May-12,81.36,81.98,78.94,79.57,173696754
21-May-12,76.36,80.22,76.29,80.18,157772790
18-May-12,76.28,77.63,74.6,75.77,183072463
17-May-12,77.9,78.21,75.73,75.73,179304713
16-May-12,79.15,79.56,77.29,78.01,140223874
15-May-12,80.21,80.46,78.82,79.02,119076678
14-May-12,80.37,81.07,79.66,79.75,88156103
11-May-12,80.71,82.07,80.62,80.96,99886332
10-May-12,82.08,82.27,81.21,81.5,83317752
9-May-12,80.53,82,80.12,81.31,120175923
8-May-12,81.37,81.64,79.82,81.17,124312720
7-May-12,80.21,81.82,80.18,81.35,115073217
4-May-12,82.44,82.62,80.74,80.75,132497421
3-May-12,84.36,84.49,82.9,83.12,97637057
2-May-12,82.89,83.91,82.69,83.71,106906016
1-May-12,83.56,85.25,83.03,83.16,152749513
30-Apr-12,85.4,85.49,83.29,83.43,126535038
27-Apr-12,86.44,86.6,85.79,86.14,101692500
26-Apr-12,87.75,87.81,86.02,86.81,134016274
25-Apr-12,87.95,88.29,86.57,87.14,226427670
24-Apr-12,80.37,81.1,79.29,80.04,269099838
23-Apr-12,81.52,82.38,79.52,81.67,241629479
20-Apr-12,84.48,84.95,81.49,81.85,257743808
19-Apr-12,85.75,86.39,83.5,83.92,208678365
18-Apr-12,87.67,88.61,86.1,86.91,238632471
17-Apr-12,82.71,87.14,81.7,87.1,256371472
16-Apr-12,87.15,87.18,82.61,82.88,262696056
13-Apr-12,89.16,89.24,86.22,86.46,214911067
12-Apr-12,89.29,90.19,88.64,88.97,153582163
11-Apr-12,90.89,90.98,89.05,89.46,174152769
10-Apr-12,91.42,92,89.43,89.78,222422452
9-Apr-12,89.45,91.41,89.33,90.89,149384046
5-Apr-12,89.57,90.67,89.06,90.53,160318858
4-Apr-12,89.19,89.41,88.14,89.19,143245095
3-Apr-12,89.61,90.32,88.93,89.9,208638360
2-Apr-12,85.98,88.4,85.77,88.38,149586458
30-Mar-12,86.97,87.22,85.42,85.65,182759395
29-Mar-12,87.54,88.08,86.75,87.12,152059432
28-Mar-12,88.34,88.78,87.19,88.23,163864869
27-Mar-12,86.6,88.04,86.58,87.78,151782141
26-Mar-12,85.68,86.74,85.04,86.71,148934219
23-Mar-12,85.78,85.97,84.91,85.15,107621815
22-Mar-12,85.4,86.36,85.08,85.62,156032898
21-Mar-12,86.11,87.09,85.92,86.07,161010374
20-Mar-12,85.64,86.7,83.14,86.57,204167033
19-Mar-12,85.48,85.97,84.15,85.87,225308790
16-Mar-12,83.53,84.17,82.57,83.65,206371879
15-Mar-12,85.66,85.72,82.65,83.65,289917768
14-Mar-12,82.58,84.96,82.2,84.23,354709747
13-Mar-12,79.65,81.17,79.39,81.16,172712659
12-Mar-12,78.43,78.86,78.14,78.86,101820019
9-Mar-12,77.74,78.25,77.59,77.88,104724732
8-Mar-12,76.38,77.57,76.02,77.43,129110723
7-Mar-12,76.69,76.83,74.76,75.81,199629549
6-Mar-12,74.81,76.24,73.75,75.75,202559651
5-Mar-12,77.92,78.21,75.14,76.17,202280183
2-Mar-12,77.75,78.11,77.5,77.88,107927589
1-Mar-12,78.31,78.32,76.97,77.78,170813188
29-Feb-12,77.37,78.23,76.53,77.49,238000378
28-Feb-12,75.42,76.49,75.12,76.49,150096478
27-Feb-12,74.47,75.5,73.75,75.11,136895304
24-Feb-12,74.24,74.7,74.09,74.63,103819905
23-Feb-12,73.58,73.98,72.79,73.77,142006312
22-Feb-12,73.3,73.64,72.72,73.29,120823808
21-Feb-12,72.41,73.55,72.02,73.55,151396399
17-Feb-12,71.87,72.54,71.47,71.73,133947191
16-Feb-12,70.21,72.13,69.52,71.74,236137405
15-Feb-12,73.47,75.18,70.98,71.1,376528040
14-Feb-12,72.09,72.79,71.71,72.78,115483011
13-Feb-12,71.36,71.98,71.01,71.8,129301606
10-Feb-12,70.14,71.09,69.79,70.49,157824975
9-Feb-12,68.68,70.96,68.65,70.45,221053602
8-Feb-12,67.21,68.11,67.1,68.1,101969280
7-Feb-12,66.46,67.11,66.37,66.98,79055263
6-Feb-12,65.48,66.43,65.46,66.28,62420596
3-Feb-12,65.33,65.71,65.08,65.67,71717009
2-Feb-12,65.13,65.31,64.85,65.02,46698547
1-Feb-12,65.49,65.57,65.08,65.17,67510562
31-Jan-12,65.08,65.46,64.72,65.21,97977985
30-Jan-12,63.67,64.84,63.63,64.72,94832073
27-Jan-12,63.48,64.07,63.4,63.9,74971631
26-Jan-12,64.05,64.11,63.31,63.52,81057711
25-Jan-12,64.92,64.92,63.39,63.81,239565837
24-Jan-12,60.73,60.73,59.94,60.06,136909311
23-Jan-12,60.38,61.21,60.33,61.06,76515446
20-Jan-12,61.07,61.07,59.96,60.04,103492249
19-Jan-12,61.45,61.62,60.93,61.11,65434453
18-Jan-12,60.99,61.35,60.9,61.3,69197758
17-Jan-12,60.6,60.86,60.42,60.67,60724055
13-Jan-12,59.96,60.06,59.81,59.97,56539749
12-Jan-12,60.33,60.41,59.82,60.2,53180911
11-Jan-12,60.38,60.41,59.9,60.36,53798059
10-Jan-12,60.84,60.86,60.21,60.46,64581762
9-Jan-12,60.79,61.11,60.19,60.25,98505792
6-Jan-12,59.97,60.39,59.89,60.34,79596412
5-Jan-12,59.28,59.79,58.95,59.72,67816805
4-Jan-12,58.57,59.24,58.47,59.06,65061108
3-Jan-12,58.49,58.93,58.43,58.75,75564699
30-Dec-11,57.64,58.04,57.64,57.86,44943710
29-Dec-11,57.63,57.95,57.22,57.87,54039041
28-Dec-11,58.13,58.32,57.33,57.52,57214227
27-Dec-11,57.59,58.44,57.57,58.08,66308613
23-Dec-11,57.1,57.66,57.07,57.62,67401964
22-Dec-11,56.71,57.02,56.59,56.94,50589112
21-Dec-11,56.67,56.76,56,56.64,65736678
20-Dec-11,55.39,56.59,55.32,56.56,84350728
19-Dec-11,54.64,54.98,54.35,54.6,58881914
16-Dec-11,54.34,54.88,54.22,54.43,105394401
15-Dec-11,54.76,54.82,54.04,54.13,64112125
14-Dec-11,55.24,55.34,53.95,54.31,101788680
13-Dec-11,56.14,56.49,55.3,55.54,84784203
12-Dec-11,55.95,56.27,55.64,55.98,75266366
9-Dec-11,56.12,56.29,55.86,56.23,74285785
8-Dec-11,55.92,56.5,55.75,55.81,94089051
7-Dec-11,55.7,55.85,55.25,55.58,76249929
6-Dec-11,56.07,56.38,55.63,55.85,70951013
5-Dec-11,56.21,56.63,55.77,56.14,89342127
2-Dec-11,55.69,56.23,55.51,55.67,94818290
1-Dec-11,54.65,55.57,54.39,55.42,96794838
30-Nov-11,54.47,54.61,54.04,54.6,101516702
29-Nov-11,53.69,54.12,52.89,53.31,94007858
28-Nov-11,53.19,53.82,52.9,53.73,86660854
25-Nov-11,52.63,53.02,51.9,51.94,63689801
23-Nov-11,53.5,53.69,52.41,52.43,107160445
22-Nov-11,53,53.99,52.99,53.79,102324341
21-Nov-11,52.91,53.1,52.27,52.72,112050589
18-Nov-11,54.13,54.28,53.55,53.56,93018765
17-Nov-11,54.85,54.94,53.64,53.92,120030148
16-Nov-11,55.61,55.88,54.9,54.97,87302012
15-Nov-11,54.4,55.64,54.21,55.55,107744812
14-Nov-11,54.79,55.04,54.03,54.18,108265507
11-Nov-11,55.23,55.53,54.32,54.95,163446017
10-Nov-11,56.72,56.74,54.59,55.03,186245269
9-Nov-11,56.71,57.27,56.32,56.47,139670930
8-Nov-11,57.46,58.29,57.37,58.03,100109842
7-Nov-11,57.13,57.14,56.59,57.1,67565799
4-Nov-11,57.43,57.63,57.02,57.18,75556992
3-Nov-11,57.01,57.63,56.48,57.58,110381075
2-Nov-11,57.16,57.21,56.44,56.77,82063667
1-Nov-11,56.77,57.07,56.17,56.64,132946877
31-Oct-11,57.49,58.48,57.29,57.83,96406303
28-Oct-11,57.57,58.05,57.5,57.85,80709748
27-Oct-11,58.22,58.43,57.41,57.81,123713317
26-Oct-11,57.39,57.51,56.16,57.23,114074982
25-Oct-11,57.86,58.08,56.77,56.82,107650200
24-Oct-11,56.6,58.07,56.49,57.97,125589044
21-Oct-11,56.87,57.02,55.82,56.12,155310512
20-Oct-11,57.14,57.19,56.32,56.47,137382294
19-Oct-11,57.34,58.35,56.83,56.95,275998093
18-Oct-11,60.25,60.69,59.43,60.32,220400096
17-Oct-11,60.25,60.96,59.42,60,171510696
14-Oct-11,59.55,60.29,59.32,60.29,143341730
13-Oct-11,57.85,58.35,57.55,58.35,106545775
12-Oct-11,58.19,58.46,57.16,57.46,155570982
11-Oct-11,56.08,57.6,55.93,57.18,151420465
10-Oct-11,54.16,55.54,54.03,55.54,110628287
7-Oct-11,53.68,53.96,52.64,52.83,133904162
6-Oct-11,53.33,54.97,53.11,53.91,203145054
5-Oct-11,52.55,54.26,51.47,54.04,196617358
4-Oct-11,53.51,54.54,50.61,53.21,308418887
3-Oct-11,54.34,54.66,53.31,53.51,167269011
30-Sep-11,55.3,55.56,54.45,54.47,137059223
29-Sep-11,57.42,57.46,55.17,55.8,162841147
28-Sep-11,57.17,57.68,56.64,56.72,107463181
27-Sep-11,58.39,58.46,56.87,57.04,158124372
26-Sep-11,57.12,57.71,55.9,57.6,203218862
23-Sep-11,57.18,58.11,57.12,57.76,136620610
22-Sep-11,57.29,58.55,56.67,57.4,242120137
21-Sep-11,59.95,60.23,58.86,58.88,151493755
20-Sep-11,59.32,60.41,58.74,59.06,193937289
19-Sep-11,56.71,59.03,56.46,58.8,205964780
16-Sep-11,56.51,57.22,56.43,57.21,174622161
15-Sep-11,55.92,56.24,55.7,56.14,104454581
14-Sep-11,55.29,56.03,55.11,55.61,133680848
13-Sep-11,54.59,55.17,54.32,54.95,110184487
12-Sep-11,53.29,54.41,53.13,54.28,116957988
9-Sep-11,54.85,55.14,53.57,53.93,141269408
8-Sep-11,54.63,55.52,54.62,54.88,104039460
7-Sep-11,55.08,55.09,54.57,54.85,87643794
6-Sep-11,52.48,54.33,52.35,54.25,127424129
2-Sep-11,53.53,54,53.12,53.44,109791514
1-Sep-11,55.12,55.33,54.39,54.43,85930705
31-Aug-11,55.8,56.01,54.55,54.98,130688894
30-Aug-11,55.46,55.98,55.17,55.71,104480264
29-Aug-11,55.45,55.93,55.43,55.71,101313149
26-Aug-11,53.02,54.83,52.97,54.8,160368761
25-Aug-11,52.15,53.64,52.14,53.39,217825076
24-Aug-11,53.35,54.14,52.94,53.74,156566907
23-Aug-11,51.47,53.38,51,53.37,164208576
22-Aug-11,52.07,52.13,50.73,50.92,133826210
19-Aug-11,51.74,52.43,50.86,50.86,193970546
18-Aug-11,52.98,53.24,51.62,52.29,212858289
17-Aug-11,54.62,54.93,54,54.35,110514943
16-Aug-11,54.5,54.77,53.72,54.35,124722122
15-Aug-11,54.23,55,54.01,54.77,115135468
12-Aug-11,54,54.23,53.46,53.86,132243405
11-Aug-11,52.93,53.64,52.1,53.39,185491110
10-Aug-11,53.02,53.52,51.79,51.96,219662296
9-Aug-11,51.61,53.52,50.71,53.43,270645704
8-Aug-11,51.67,52.54,50.43,50.46,285951204
5-Aug-11,54.35,54.79,51.8,53.37,301140350
4-Aug-11,55.63,55.9,53.91,53.91,217851424
3-Aug-11,55.46,56.22,54.61,56.08,183125796
2-Aug-11,56.81,56.13,54.61,55.46,250968788
1-Aug-11,56.83,57.07,56.05,56.68,153207957
29-Jul-11,55.38,56.45,54.86,55.78,158145890
28-Jul-11,55.95,56.71,55.45,55.97,148506092
27-Jul-11,57.23,57.52,56.02,56.08,164830470
26-Jul-11,57.14,57.79,57.1,57.63,119145026
25-Jul-11,55.76,57.14,55.66,56.93,147451094
22-Jul-11,55.47,56.44,55.39,56.19,129181885
21-Jul-11,55.28,55.72,54.84,55.33,131629036
20-Jul-11,56.59,56.61,55.14,55.27,235331712
19-Jul-11,54,54.09,53.33,53.84,204786344
,,,,,
,,,,,
,,,,,
,,,,,
,,,,,
,,,,,
,,,,,
,,,,,
,,,,,
,,,,,
,,,,,
,,,,,
,,,,,
18-Jul-11,52.2,53.52,52.18,53.4,143157623
15-Jul-11,51.6,52.14,51.31,52.13,121116338
14-Jul-11,51.57,51.66,50.91,51.11,107633155
13-Jul-11,51.19,51.43,50.91,51.15,97909518
12-Jul-11,50.5,51.1,49.8,50.54,112901691
11-Jul-11,50.91,51.4,50.4,50.57,110713974
8-Jul-11,50.48,51.43,50.31,51.39,122481639
7-Jul-11,50.67,51.14,50.57,51.03,99915319
6-Jul-11,49.85,50.59,49.53,50.25,111156241
5-Jul-11,49,49.98,48.93,49.92,88818618
1-Jul-11,47.99,49.07,47.74,49.04,108828209
30-Jun-11,47.81,48.02,47.55,47.95,80807391
29-Jun-11,48.01,48.05,47.41,47.72,88179070
28-Jun-11,47.66,48.1,47.63,47.89,73574907
27-Jun-11,46.8,47.7,46.75,47.43,84989933
24-Jun-11,47.34,47.59,46.44,46.62,109981312
23-Jun-11,45.56,47.38,45.45,47.32,139939254
22-Jun-11,46.45,46.99,46.05,46.09,97645436
21-Jun-11,45.24,46.54,45.03,46.47,123343514
20-Jun-11,45.34,45.39,44.36,45.05,160161274
17-Jun-11,47,47.04,45.62,45.75,153872649
16-Jun-11,46.7,46.95,45.48,46.45,127647338
15-Jun-11,47.11,47.19,46.41,46.68,99851885
14-Jun-11,47.14,47.61,47.04,47.49,83641901
13-Jun-11,46.74,46.9,46.44,46.66,82414108
10-Jun-11,47.22,47.38,46.5,46.56,108529400
9-Jun-11,47.61,47.67,47.25,47.36,68841199
8-Jun-11,47.4,47.83,47.24,47.46,83471577
7-Jun-11,48.31,48.32,47.41,47.43,132493060
6-Jun-11,49.42,49.58,48.26,48.29,115484677
3-Jun-11,49.03,49.33,48.86,49.06,78360765
2-Jun-11,49.5,49.71,49.19,49.44,84721112
1-Jun-11,49.84,50.3,49.24,49.36,138670602
31-May-11,48.73,49.69,48.71,49.69,104434134
27-May-11,47.83,48.23,47.76,48.2,50912897
26-May-11,48,48.13,47.78,47.86,55673751
25-May-11,47.63,48.37,47.55,48.11,73555433
24-May-11,47.93,47.99,47.33,47.46,80520650
23-May-11,47.14,48,47.06,47.77,95627217
20-May-11,48.51,48.71,47.86,47.89,84547708
19-May-11,48.87,48.92,48.38,48.65,65291310
18-May-11,48.07,48.72,48,48.55,83693267
17-May-11,47.43,48.02,47.25,48.02,113196657
16-May-11,48.46,48.75,47.51,47.61,112535374
13-May-11,49.38,49.46,48.62,48.64,81547956
12-May-11,49.45,49.59,48.9,49.51,80239593
11-May-11,49.86,50,49.32,49.6,84018683
10-May-11,49.84,49.96,49.52,49.92,70521969
9-May-11,49.69,49.89,49.5,49.66,51188151
6-May-11,49.96,50,49.46,49.52,70061285
5-May-11,49.77,50.14,49.44,49.54,84065352
4-May-11,49.75,50.26,49.55,49.94,97312229
3-May-11,49.71,49.98,49.37,49.74,78390249
2-May-11,49.96,50.07,49.36,49.47,110678246
29-Apr-11,49.54,50.56,49.52,50.02,251585929
28-Apr-11,49.46,49.96,49.36,49.54,90297123
27-Apr-11,50.32,50.34,49.59,50.02,89052887
26-Apr-11,50.52,50.71,49.91,50.06,84400645
25-Apr-11,50.05,50.54,50.04,50.43,66636290
21-Apr-11,50.71,50.73,49.79,50.1,188449618
20-Apr-11,49.07,49.39,48.79,48.92,175163842
19-Apr-11,47.59,48.28,47.39,48.27,104844243
18-Apr-11,46.59,47.46,45.74,47.41,152474427
15-Apr-11,47.61,47.66,46.69,46.78,113458247
14-Apr-11,47.83,48,47.44,47.49,75497401
13-Apr-11,47.86,48.02,47.5,48.02,86608963
12-Apr-11,47.21,47.68,47.17,47.49,106627080
11-Apr-11,47.72,47.95,47.15,47.26,99787618
8-Apr-11,48.56,48.59,47.71,47.87,94383317
7-Apr-11,48.3,48.63,48,48.3,93361520
6-Apr-11,48.75,49.13,48.16,48.29,100634681
5-Apr-11,48.14,48.89,48,48.41,120740809
4-Apr-11,49.19,49.23,48.34,48.74,115020542
1-Apr-11,50.16,50.23,49.04,49.22,104665400
31-Mar-11,49.48,49.97,49.44,49.79,68592006
30-Mar-11,50.09,50.13,49.63,49.8,82351269
29-Mar-11,49.67,50.14,49.44,50.14,88224955
28-Mar-11,50.45,50.62,50.06,50.06,77337407
25-Mar-11,49.72,50.29,49.57,50.22,112292796
24-Mar-11,48.84,49.43,48.41,49.28,101177720
23-Mar-11,48.47,48.6,47.99,48.46,93248498
22-Mar-11,48.94,48.95,48.45,48.74,81558162
21-Mar-11,48,48.53,47.89,48.47,102347560
18-Mar-11,48.16,48.31,47.14,47.24,188302604
17-Mar-11,48.12,48.52,47.24,47.81,164854977
16-Mar-11,48.86,49,46.61,47.14,289187626
15-Mar-11,48.87,49.69,48.59,49.35,180262334
14-Mar-11,50.45,50.93,50.19,50.51,109113690
11-Mar-11,49.33,50.33,49.29,50.28,117770016
10-Mar-11,49.87,49.97,49.27,49.52,126972055
9-Mar-11,50.67,50.68,50.09,50.35,113349033
8-Mar-11,50.7,51.06,50.32,50.82,89078955
7-Mar-11,51.63,51.67,50.19,50.77,136530149
4-Mar-11,51.44,51.47,51.11,51.43,113316483
3-Mar-11,51.03,51.4,50.85,51.37,125196764
2-Mar-11,49.99,50.62,49.77,50.3,150647189
1-Mar-11,50.78,50.82,49.67,49.9,114032163
28-Feb-11,50.18,50.72,50.16,50.46,100768479
25-Feb-11,49.32,49.78,49.26,49.74,95004483
24-Feb-11,49.15,49.31,48.34,48.98,124974514
23-Feb-11,48.4,49.23,48.37,48.95,167962942
22-Feb-11,48.88,49.34,48.25,48.37,218135561
18-Feb-11,51.24,51.36,49.93,50.08,204011724
17-Feb-11,51.04,51.47,50.93,51.19,132643504
16-Feb-11,51.54,52.13,51.5,51.88,120288833
15-Feb-11,51.31,51.42,51.08,51.41,71043441
14-Feb-11,50.97,51.35,50.96,51.31,77603491
11-Feb-11,50.68,51.11,50.51,50.98,91892948
10-Feb-11,51.06,51.43,49.71,50.65,232137360
9-Feb-11,50.74,51.29,50.7,51.17,120686090
8-Feb-11,50.53,50.79,50.31,50.74,95259906
7-Feb-11,49.7,50.46,49.66,50.27,121254910
4-Feb-11,49.09,49.53,49.07,49.5,80459575
3-Feb-11,49.11,49.18,48.36,49.06,98449148
2-Feb-11,49.21,49.32,49.08,49.19,64738807
1-Feb-11,48.76,49.38,48.71,49.29,106657943
31-Jan-11,47.97,48.58,47.76,48.47,94311602
28-Jan-11,49.17,49.2,47.65,48.01,148014146
27-Jan-11,49.11,49.24,48.98,49.03,71255961
26-Jan-11,48.99,49.37,48.79,49.12,126716779
25-Jan-11,48.05,48.78,47.8,48.77,136716650
24-Jan-11,46.7,48.21,46.67,48.21,143670548
21-Jan-11,47.68,47.84,46.66,46.67,188599712
20-Jan-11,48.06,48.33,47.16,47.53,191197293
19-Jan-11,49.76,49.8,48.13,48.41,283902199
18-Jan-11,47.07,49.25,46.57,48.66,470246700
14-Jan-11,49.41,49.78,49.21,49.78,77209748
13-Jan-11,49.31,49.52,49.12,49.38,74536182
12-Jan-11,49.04,49.2,48.86,49.2,75644310
11-Jan-11,49.27,49.28,48.5,48.81,111019993
10-Jan-11,48.4,49.03,48.17,48.92,112139482
7-Jan-11,47.71,48.05,47.41,48.02,77982212
6-Jan-11,47.82,47.89,47.56,47.68,75106626
5-Jan-11,47.08,47.76,47.07,47.71,63879193
4-Jan-11,47.49,47.5,46.88,47.33,77337001
3-Jan-11,46.52,47.18,46.41,47.08,111280407
31-Dec-10,46.14,46.21,45.9,46.08,48413827
30-Dec-10,46.5,46.5,46.15,46.24,39414991
29-Dec-10,46.6,46.64,46.44,46.47,40817672
28-Dec-10,46.56,46.67,46.44,46.5,43980797
27-Dec-10,46.12,46.49,45.93,46.38,62453699
23-Dec-10,46.43,46.45,46.17,46.23,55875176
22-Dec-10,46.34,46.53,46.22,46.45,66536029
21-Dec-10,46.14,46.34,46.01,46.32,64087884
20-Dec-10,45.94,46.18,45.46,46.03,96402194
17-Dec-10,45.95,45.97,45.75,45.8,96787068
16-Dec-10,45.87,46.09,45.73,45.89,80507098
15-Dec-10,45.71,46.14,45.6,45.77,104327314
14-Dec-10,45.96,46.08,45.57,45.76,87891762
13-Dec-10,46.34,46.44,45.86,45.95,109953333
10-Dec-10,45.66,45.86,45.51,45.79,65644243
9-Dec-10,46.02,46.07,45.57,45.68,73536526
8-Dec-10,45.66,45.86,45.3,45.86,80483501
7-Dec-10,46.26,46.28,45.45,45.46,97863465
6-Dec-10,45.52,46.05,45.49,45.74,112120127
,,,,,
,,,,,
,,,,,
,,,,,
,,,,,
,,,,,
,,,,,
,,,,,
,,,,,
,,,,,
,,,,,
,,,,,
,,,,,
3-Dec-10,45.29,45.52,45.19,45.35,85592283
2-Dec-10,45.36,45.57,44.98,45.45,115912916
1-Dec-10,45.04,45.39,45,45.2,115437672
30-Nov-10,44.79,44.91,44.41,44.45,125463303
29-Nov-10,45.07,45.35,44.48,45.27,111439895
26-Nov-10,44.82,45.39,44.71,45,59436237
24-Nov-10,44.57,45.06,44.54,44.97,103568136
23-Nov-10,44.35,44.54,43.79,44.1,129861284
22-Nov-10,43.81,44.77,43.7,44.77,98268492
19-Nov-10,44,44.06,43.61,43.82,96210793
18-Nov-10,43.6,44.24,43.53,44.06,123622443
17-Nov-10,43.03,43.43,42.54,42.93,119862407
16-Nov-10,43.67,43.94,42.76,43.08,164737342
15-Nov-10,44.07,44.36,43.75,43.86,100900954
12-Nov-10,45.14,45.21,43.38,44,198961462
11-Nov-10,45,45.49,44.89,45.24,90320433
10-Nov-10,45.23,45.54,44.79,45.43,96056373
9-Nov-10,45.86,45.9,44.93,45.15,95928805
8-Nov-10,45.31,45.68,45.25,45.52,70433307
5-Nov-10,45.43,45.65,45.25,45.3,90313265
4-Nov-10,45.06,45.74,45,45.47,160621979
3-Nov-10,44.48,44.7,44.08,44.69,127086848
2-Nov-10,43.86,44.31,43.86,44.19,108482437
1-Nov-10,43.17,43.66,43.17,43.45,105972251
29-Oct-10,43.46,43.7,42.98,43,107627128
28-Oct-10,43.99,44,42.99,43.61,137761540
27-Oct-10,43.95,44.27,43.66,43.98,99750070
26-Oct-10,43.84,44.25,43.66,44.01,98232337
25-Oct-10,44.16,44.51,44.06,44.12,98107996
22-Oct-10,44.15,44.29,43.76,43.92,93193856
21-Oct-10,44.62,44.96,43.83,44.22,137864321
20-Oct-10,44.14,44.89,43.84,44.36,180406030
19-Oct-10,43.34,44.82,42.86,44.21,308189833
18-Oct-10,45.5,45.57,44.9,45.43,276114391
15-Oct-10,43.92,45,43.56,44.96,230548444
14-Oct-10,43.1,43.21,42.91,43.19,108823925
13-Oct-10,42.89,43.14,42.83,42.88,157522589
12-Oct-10,42.2,42.79,41.78,42.65,139634663
11-Oct-10,42.11,42.46,42.09,42.19,106937733
8-Oct-10,41.67,42.07,41.43,42.01,164600814
7-Oct-10,41.48,41.5,40.99,41.32,102099277
6-Oct-10,41.37,41.71,40.75,41.31,167716514
5-Oct-10,40.29,41.35,40.26,41.28,125491450
4-Oct-10,40.23,40.41,39.68,39.81,108824968
1-Oct-10,40.88,40.94,40.19,40.36,112101444
30-Sep-10,41.29,41.43,40.18,40.54,168347452
29-Sep-10,41.03,41.4,40.86,41.05,117410608
28-Sep-10,41.68,41.68,39.29,40.98,258760411
27-Sep-10,42,42.1,41.57,41.6,120774913
24-Sep-10,41.73,41.93,41.51,41.76,162371804
23-Sep-10,40.9,41.82,40.86,41.27,196528871
22-Sep-10,40.39,41.14,40.34,41.11,146353774
21-Sep-10,40.55,41.05,40.4,40.54,167418881
20-Sep-10,39.44,40.54,39.41,40.46,164822833
17-Sep-10,39.67,39.71,39.1,39.34,158618691
16-Sep-10,38.61,39.52,38.5,39.51,163025387
15-Sep-10,38.31,38.63,38.26,38.6,107341570
14-Sep-10,38.03,38.45,37.93,38.29,102037313
13-Sep-10,37.97,38.33,37.97,38.15,97194965
10-Sep-10,37.6,37.79,37.34,37.63,96940319
9-Sep-10,37.86,38.07,37.56,37.58,109643597
8-Sep-10,37.11,37.77,37.01,37.56,131637114
7-Sep-10,36.66,37.08,36.61,36.83,85706313
3-Sep-10,36.44,36.97,36.36,36.97,130197067
2-Sep-10,35.89,36.02,35.51,36.02,103856298
1-Sep-10,35.35,35.92,35.18,35.76,174258805
31-Aug-10,34.55,34.94,34.34,34.73,105196602
30-Aug-10,34.39,35.11,34.38,34.64,95821894
27-Aug-10,34.54,34.66,33.65,34.52,137146576
26-Aug-10,35.06,35.11,34.33,34.33,116625803
25-Aug-10,34.01,34.86,33.89,34.7,149216228
24-Aug-10,34.67,34.71,34.09,34.28,150638208
23-Aug-10,35.97,36,35.04,35.11,103516812
20-Aug-10,35.63,36.27,35.57,35.66,96057206
19-Aug-10,36.12,36.21,35.53,35.7,106676227
18-Aug-10,36.05,36.38,35.94,36.15,84923923
17-Aug-10,35.73,36.38,35.6,36,105662221
16-Aug-10,35.37,35.72,35.23,35.38,79606849
13-Aug-10,35.95,35.98,35.58,35.59,88716635
12-Aug-10,35.24,36.16,35.16,35.97,133729834
11-Aug-10,36.49,36.53,35.69,35.74,155013068
10-Aug-10,37.12,37.21,36.79,37.06,112979405
9-Aug-10,37.35,37.45,37.08,37.39,75781356
6-Aug-10,37.11,37.36,36.8,37.16,111253310
5-Aug-10,37.39,37.6,37.22,37.39,72340618
4-Aug-10,37.55,37.75,37.19,37.57,105139076
3-Aug-10,37.29,37.61,37.06,37.42,104413218
2-Aug-10,37.21,37.51,37.09,37.41,107021026
30-Jul-10,36.56,37.1,36.41,36.75,112113960
29-Jul-10,37.24,37.52,36.59,36.87,160951385
28-Jul-10,37.67,38,37.18,37.28,129996090
27-Jul-10,37.27,37.83,37.19,37.73,146192641
26-Jul-10,37.14,37.16,36.82,37.04,105137452
23-Jul-10,36.73,37.2,36.61,37.13,133346661
22-Jul-10,36.81,37.14,36.47,37,161329322
21-Jul-10,37.87,37.88,36.29,36.32,296417422
20-Jul-10,34.7,36.13,34.29,35.98,268737511
19-Jul-10,35.7,35.7,34.23,35.08,256124484
16-Jul-10,36.17,36.42,35.49,35.7,259964376
15-Jul-10,35.46,36.71,35.33,35.92,206215849
14-Jul-10,35.63,36.54,35.57,36.1,203042784
13-Jul-10,36.62,36.63,35.2,35.97,297738658
12-Jul-10,36.93,37.41,36.41,36.76,140719236
9-Jul-10,36.7,37.13,36.45,37.09,108393537
8-Jul-10,37.5,37.56,36.41,36.87,184537661
7-Jul-10,35.78,36.97,35.68,36.95,163639812
6-Jul-10,35.86,36.11,35.17,35.52,153808676
2-Jul-10,35.78,35.85,34.74,35.28,173624381
1-Jul-10,36.33,36.4,34.75,35.5,255738140
30-Jun-10,36.67,36.85,35.72,35.93,184867060
29-Jun-10,37.73,37.77,36.33,36.6,283336130
28-Jun-10,38.13,38.54,37.79,38.33,146358254
25-Jun-10,38.58,38.61,37.97,38.1,137485271
24-Jun-10,38.71,39.03,38.3,38.43,178782814
23-Jun-10,39.23,39.24,38.27,38.71,192113733
22-Jun-10,38.88,39.42,38.79,39.12,179314996
21-Jun-10,39.67,39.86,38.39,38.6,194122453
18-Jun-10,38.89,39.29,38.77,39.15,196154945
17-Jun-10,38.66,38.99,38.5,38.84,218365231
16-Jun-10,37.3,38.25,37.23,38.18,195922370
15-Jun-10,36.52,37.12,36.5,37.1,146268297
14-Jun-10,36.57,37.02,36.29,36.33,150740100
11-Jun-10,35.46,36.27,35.34,36.22,136439884
10-Jun-10,34.98,35.85,34.6,35.79,194088937
9-Jun-10,35.92,35.99,34.64,34.74,213657171
8-Jun-10,36.18,36.26,35.09,35.62,250192019
7-Jun-10,36.9,37.02,35.79,35.85,221745538
4-Jun-10,36.89,37.41,36.38,36.57,189610442
3-Jun-10,37.88,37.94,37.2,37.59,162539314
2-Jun-10,37.79,37.83,37.19,37.71,172136524
1-Jun-10,37.1,37.99,36.99,37.26,219118382
28-May-10,37.06,37.06,36.19,36.7,203903217
27-May-10,35.8,36.27,35.59,36.19,166575339
26-May-10,35.73,36.02,34.82,34.87,212664144
25-May-10,34.19,35.25,33.88,35.03,262003357
24-May-10,35.33,35.84,35.18,35.25,188561359
21-May-10,33.26,34.93,33.05,34.62,305976755
20-May-10,34.55,34.84,33.74,33.97,320728737
19-May-10,35.64,36.13,34.98,35.48,256431406
18-May-10,36.71,36.94,35.75,36.05,195668956
17-May-10,36.39,36.6,35.39,36.32,190708252
14-May-10,36.45,36.64,35.64,36.26,189840357
13-May-10,37.6,37.86,36.63,36.91,149927526
12-May-10,37.04,37.59,36.96,37.44,163594375
11-May-10,35.98,37.13,35.79,36.65,212587809
10-May-10,35.75,36.38,35.5,36.28,246076208
7-May-10,34.82,35.22,32.17,33.69,419004292
6-May-10,36.26,36.89,28.46,35.18,321464892
5-May-10,36.15,36.88,35.53,36.57,220775786
4-May-10,37.58,37.61,36.68,36.95,180954830
3-May-10,37.69,38.27,37.55,38.05,113585031
30-Apr-10,38.47,38.65,37.29,37.3,135615676
29-Apr-10,37.57,38.57,37.43,38.38,139709745
28-Apr-10,37.61,37.71,36.63,37.37,189599970
27-Apr-10,38.18,38.26,37.22,37.43,177335424
26-Apr-10,38.84,38.92,38.31,38.5,119767011
23-Apr-10,38.28,38.88,38.14,38.69,199238354
22-Apr-10,36.89,38.11,36.6,38.07,198355815
21-Apr-10,36.97,37.18,36.53,37.03,245597800
20-Apr-10,35.51,35.61,34.71,34.94,184580977
19-Apr-10,35.29,35.41,34.54,35.3,141730491
16-Apr-10,35.51,35.88,34.94,35.34,187635966
15-Apr-10,35.11,35.58,35.07,35.56,94195920
14-Apr-10,35.04,35.12,34.87,35.1,101018554
13-Apr-10,34.55,34.69,34.44,34.63,76552525
12-Apr-10,34.6,34.72,34.54,34.61,83303836
9-Apr-10,34.49,34.56,34.35,34.54,83545644
8-Apr-10,34.35,34.51,34.01,34.28,143246621
7-Apr-10,34.25,34.56,34.09,34.37,157125031
6-Apr-10,34.03,34.32,33.86,34.22,111754188
5-Apr-10,33.57,34.07,33.54,34.07,171126319
31-Mar-10,33.64,33.8,33.49,33.57,107664557
30-Mar-10,33.8,33.93,33.46,33.69,131827325
29-Mar-10,33.29,33.41,33.09,33.2,135185785
26-Mar-10,32.71,33.14,32.65,32.99,160218135
25-Mar-10,32.99,33,32.32,32.38,135816674
24-Mar-10,32.52,32.89,32.5,32.77,149570232
23-Mar-10,32.23,32.68,32.01,32.62,150607177
22-Mar-10,31.5,32.29,31.45,32.11,114104634
19-Mar-10,32.11,32.18,31.6,31.75,139861148
18-Mar-10,32.01,32.14,31.8,32.09,85527113
17-Mar-10,32.13,32.35,31.9,32.02,112738997
16-Mar-10,32.03,32.14,31.79,32.06,111726636
15-Mar-10,32.2,32.21,31.46,31.98,123375091
12-Mar-10,32.48,32.53,32.25,32.37,104080620
11-Mar-10,31.99,32.21,31.9,32.21,101424638
10-Mar-10,31.98,32.21,31.89,32.12,149054143
9-Mar-10,31.19,32.14,31.13,31.86,230064660
8-Mar-10,31.43,31.44,31.18,31.3,107472239
5-Mar-10,30.71,31.39,30.66,31.28,224904603
4-Mar-10,29.9,30.13,29.8,30.1,91509936
3-Mar-10,29.85,29.98,29.71,29.9,93059694
2-Mar-10,29.99,30.12,29.68,29.84,141636152
1-Mar-10,29.39,29.93,29.35,29.86,137523183
26-Feb-10,28.91,29.31,28.86,29.23,126865060
25-Feb-10,28.2,28.98,28.13,28.86,166349071
24-Feb-10,28.32,28.78,28.26,28.66,115141376
23-Feb-10,28.57,28.76,27.96,28.15,143828223
22-Feb-10,28.91,28.93,28.46,28.63,97706168
19-Feb-10,28.84,29.03,28.73,28.81,103933466
18-Feb-10,28.8,29.13,28.7,28.99,105706111
17-Feb-10,29.17,29.19,28.69,28.94,109098710
16-Feb-10,28.85,29.1,28.79,29.06,135987761
12-Feb-10,28.3,28.81,27.93,28.63,163866906
11-Feb-10,27.84,28.54,27.72,28.38,137585903
10-Feb-10,27.98,28.09,27.75,27.87,92590218
9-Feb-10,28.06,28.21,27.82,28.03,158221028
8-Feb-10,27.96,28.27,27.71,27.73,119567119
5-Feb-10,27.52,28,27.26,27.92,212576350
4-Feb-10,28.1,28.34,27.37,27.44,189412762
3-Feb-10,27.88,28.6,27.77,28.46,153831769
2-Feb-10,27.99,28.05,27.63,27.98,174585313
1-Feb-10,27.48,28,27.33,27.82,187468421
29-Jan-10,28.73,28.89,27.18,27.44,311487785
28-Jan-10,29.28,29.36,28.39,28.47,293375376
27-Jan-10,29.55,30.08,28.5,29.7,430642030
26-Jan-10,29.42,30.53,28.94,29.42,466777486
25-Jan-10,28.93,29.24,28.6,29.01,266424802
22-Jan-10,29.54,29.64,28.17,28.25,220441872
21-Jan-10,30.3,30.47,29.6,29.72,152038565
20-Jan-10,30.7,30.79,29.93,30.25,153037892
19-Jan-10,29.76,30.74,29.61,30.72,182501620
15-Jan-10,30.13,30.23,29.41,29.42,148584065
14-Jan-10,30.02,30.07,29.86,29.92,108288411
13-Jan-10,29.7,30.13,29.16,30.09,151472335
12-Jan-10,29.88,29.97,29.49,29.67,148614774
11-Jan-10,30.4,30.43,29.78,30.02,115557365
8-Jan-10,30.04,30.29,29.87,30.28,111969081
7-Jan-10,30.25,30.29,29.86,30.08,119282324
6-Jan-10,30.63,30.75,30.11,30.14,138039594
5-Jan-10,30.66,30.8,30.46,30.63,150476004
4-Jan-10,30.49,30.64,30.34,30.57,123432050
